{
    "total_resource": {
        "cpu_user": 4829.56005859375,
        "cpu_nice": 14.09000015258789,
        "cpu_system": 3970.070068359375,
        "cpu_idle": 910040.25,
        "cpu_iowait": 350.760009765625,
        "cpu_irq": 0.0,
        "cpu_softirq": 1489.3199462890625,
        "cpu_steal": 0.0,
        "cpu_guest": 0.0,
        "cpu_guest_nice": 0.0,
        "cpu_usage_percent": 4.109589099884033,
        "cpu_temp": -1.0,
        "cpu_load_1min": 0.9700000286102295,
        "cpu_load_5min": 0.6000000238418579,
        "cpu_load_15min": 0.36000001430511475,
        "mem_used": 6055.70703125,
        "mem_total": 11866.32421875,
        "mem_usage_percent": 51.032711029052734,
        "gpu_usage_percent": 4.0,
        "gpu_mem_used": 1797.57421875,
        "gpu_mem_total": 6144.0,
        "gpu_mem_usage": 29.25739288330078,
        "gpu_temp": 33.0
    },
    "topics_hzbw": {
        "/ublox_gps/fix": {
            "hz": 8,
            "bw": "952.00 B/s"
        },
        "/ublox_gps/fix_velocity": {
            "hz": 8,
            "bw": "2.77 KB/s"
        },
        "/ublox_gps/navpvt": {
            "hz": 8,
            "bw": "736.00 B/s"
        },
        "/usb_cam/image_raw/compressed": {
            "hz": 10,
            "bw": "331.42 KB/s"
        },
        "/zed_node/depth/camera_info": {
            "hz": 15,
            "bw": "5.52 KB/s"
        },
        "/zed_node/depth/depth_registered": {
            "hz": 15,
            "bw": "13.18 MB/s"
        },
        "/zed_node/left/camera_info": {
            "hz": 30,
            "bw": "11.04 KB/s"
        },
        "/zed_node/left/image_rect_color": {
            "hz": 15,
            "bw": "13.18 MB/s"
        },
        "/zed_node/obj_det/objects": {
            "hz": 15,
            "bw": "30.15 KB/s"
        }
    },
    "node_resource_usage": {
        "/diag_listener_13412_1741921963334": {
            "cpu": 0.062,
            "mem": "53.99 MB/s"
        },
        "/nodes_resource": {
            "cpu": 0.0,
            "mem": "66.90 MB/s"
        },
        "/play_1741922026794014077": {
            "cpu": 0.188,
            "mem": "54.72 MB/s"
        },
        "/rosout": {
            "cpu": 0.0,
            "mem": "19.27 MB/s"
        },
        "/topics_hzbw_13778_1741922013615": {
            "cpu": 0.188,
            "mem": "55.43 MB/s"
        },
        "/total_resource_13670_1741921996295": {
            "cpu": 0.0,
            "mem": "72.33 MB/s"
        }
    },
    "gpu_pmon": {}
}