{
    "total_resource": {
        "cpu_user": 92248.859375,
        "cpu_nice": 69.79000091552734,
        "cpu_system": 94410.796875,
        "cpu_idle": 6476345.0,
        "cpu_iowait": 8258.9404296875,
        "cpu_irq": 0.0,
        "cpu_softirq": 41929.16015625,
        "cpu_steal": 0.0,
        "cpu_guest": 0.0,
        "cpu_guest_nice": 0.0,
        "cpu_usage_percent": 3.473945379257202,
        "cpu_temp": -1.0,
        "cpu_load_1min": 0.4000000059604645,
        "cpu_load_5min": 0.5899999737739563,
        "cpu_load_15min": 0.47999998927116394,
        "mem_used": 5528.50390625,
        "mem_total": 11866.32421875,
        "mem_usage_percent": 46.58985900878906,
        "gpu_usage_percent": 0.0,
        "gpu_mem_used": 1514.984375,
        "gpu_mem_total": 6144.0,
        "gpu_mem_usage": 24.657949447631836,
        "gpu_temp": 33.0
    },
    "topics_hzbw": {
        "/ublox_gps/fix": {
            "hz": 8,
            "bw": "952.00 B/s"
        },
        "/ublox_gps/fix_velocity": {
            "hz": 8,
            "bw": "2.77 KB/s"
        },
        "/ublox_gps/navpvt": {
            "hz": 8,
            "bw": "736.00 B/s"
        },
        "/usb_cam/image_raw/compressed": {
            "hz": 10,
            "bw": "578.36 KB/s"
        },
        "/zed_node/depth/camera_info": {
            "hz": 15,
            "bw": "5.52 KB/s"
        },
        "/zed_node/depth/depth_registered": {
            "hz": 15,
            "bw": "13.18 MB/s"
        },
        "/zed_node/left/camera_info": {
            "hz": 30,
            "bw": "11.04 KB/s"
        },
        "/zed_node/left/image_rect_color": {
            "hz": 15,
            "bw": "13.18 MB/s"
        },
        "/zed_node/obj_det/objects": {
            "hz": 15,
            "bw": "7.64 KB/s"
        }
    },
    "node_resource_usage": {
        "/diag_listener_1111677_1742200504758": {
            "cpu": 0.0,
            "mem": "60.80 MB/s"
        },
        "/excluded_topics_hzbw_1303256_1742282574557": {
            "cpu": 0.125,
            "mem": "59.32 MB/s"
        },
        "/nodes_resource": {
            "cpu": 0.0,
            "mem": "65.38 MB/s"
        },
        "/play_1742200392409453919": {
            "cpu": 0.312,
            "mem": "56.99 MB/s"
        },
        "/rosout": {
            "cpu": 0.0,
            "mem": "21.86 MB/s"
        },
        "/total_resource_1110643_1742200366868": {
            "cpu": 0.0,
            "mem": "61.30 MB/s"
        }
    },
    "gpu_pmon": {}
}